id,first_name,last_name,active_user,street_address,state,username
1,Andy,Tuvey,false,12376 Darwin Circle,New York,atuvey0
2,Bastian,Francke,true,14034 Summerview Parkway,Washington,bfrancke1
3,Dallis,Duffy,false,8 Autumn Leaf Court,Ohio,dduffy2
4,Zena,Saker,true,3605 Gina Park,California,zsaker3
5,Jere,Argue,true,8 Hauk Court,New Jersey,jargue4
6,Jethro,Creeghan,true,29047 International Junction,Texas,jcreeghan5
7,Meridith,Rapley,false,95258 Stuart Terrace,Indiana,mrapley6
8,Anastasie,Gant,true,4193 Dexter Drive,Michigan,agant7
9,Berkly,Gummow,false,7581 Northfield Plaza,New Mexico,bgummow8
10,Nicolette,Haughin,false,6 Hooker Court,Florida,nhaughin9
11,Sheelah,Jurczik,false,6 Porter Crossing,New Mexico,sjurczika
12,Klaus,Nuscha,false,37206 Dwight Way,Kansas,knuschab
13,Roth,Anton,true,143 Garrison Drive,District of Columbia,rantonc
14,Jareb,Tod,true,468 Vidon Lane,Tennessee,jtodd
15,Dill,Swinney,false,28 Pearson Point,Oregon,dswinneye
16,Ulla,Fernan,false,13 Fairview Alley,Michigan,ufernanf
17,Aksel,Josham,false,08040 Scoville Hill,Virginia,ajoshamg
18,Carney,Stiddard,true,93776 Twin Pines Park,Texas,cstiddardh
19,Milzie,Blizard,true,4 Corscot Park,Kentucky,mblizardi
20,Giffy,Absolon,false,335 Clemons Drive,Georgia,gabsolonj
21,Micaela,Yurasov,false,0 1st Way,Florida,myurasovk
22,Chuck,Davio,true,33 Elka Trail,Nevada,cdaviol
23,Broderic,McAnellye,false,63327 Lyons Crossing,Texas,bmcanellyem
24,Mela,Guyonnet,false,8322 Katie Pass,Nevada,mguyonnetn
25,Maisie,Pack,true,0407 Northfield Plaza,Minnesota,mpacko
26,Inesita,Andryunin,false,90 Grover Crossing,Minnesota,iandryuninp
27,Trueman,Spering,true,98 Rockefeller Parkway,Florida,tsperingq
28,Rosalyn,Gascoyen,true,27211 Trailsway Drive,Delaware,rgascoyenr
29,Lev,Basey,true,6300 Dunning Trail,California,lbaseys
30,Reece,Mapledoram,false,5 Del Mar Trail,Wisconsin,rmapledoramt
31,Karla,Baum,false,287 Jay Trail,West Virginia,kbaumu
32,Jean,McPhail,true,397 Anderson Plaza,Florida,jmcphailv
33,Robbyn,Macvain,true,630 Texas Parkway,Washington,rmacvainw
34,Bryna,Daile,false,4 Grayhawk Drive,Pennsylvania,bdailex
35,Binnie,de Grey,true,8 Lien Crossing,Oklahoma,bdegreyy
36,Phineas,Hindenburg,true,5865 Fulton Circle,Kentucky,phindenburgz
37,Pandora,Tugwell,true,85 Killdeer Place,Missouri,ptugwell10
38,Dugald,Jeduch,true,9037 Cherokee Street,Pennsylvania,djeduch11
39,Page,Dimblebee,true,77168 Luster Plaza,Mississippi,pdimblebee12
40,Claudetta,Bowker,true,0 Forster Plaza,Washington,cbowker13
41,Chrysa,Varvara,false,092 Columbus Court,Nebraska,cvarvara14
42,Merell,Picopp,false,23530 Bluestem Avenue,Colorado,mpicopp15
43,Nickie,Petran,false,595 Linden Alley,Colorado,npetran16
44,Drusilla,Middleditch,false,60 Sheridan Junction,California,dmiddleditch17
45,Nanni,Attrey,true,8 Derek Street,New York,nattrey18
46,Wainwright,Magwood,false,3 Eastlawn Avenue,Oregon,wmagwood19
47,Scott,Primak,false,26 Wayridge Center,Texas,sprimak1a
48,Cesar,Stowgill,true,0 Annamark Plaza,Ohio,cstowgill1b
49,Lexine,Alessandone,true,48 Cherokee Plaza,Minnesota,lalessandone1c
50,Marcie,Kelland,true,2 Clemons Drive,California,mkelland1d
51,Valenka,Skains,false,1 Marcy Terrace,Georgia,vskains1e
52,Ilyse,McGillreich,false,2 Birchwood Avenue,Massachusetts,imcgillreich1f
53,Raul,Janaszkiewicz,true,403 Springs Drive,Texas,rjanaszkiewicz1g
54,Garret,Crone,false,74799 Logan Park,Texas,gcrone1h
55,Amalea,Mold,false,1571 Esker Park,California,amold1i
56,Patti,Risman,true,09418 Mockingbird Parkway,Pennsylvania,prisman1j
57,Emelda,,true,00199 Cardinal Junction,Texas,emaso1k
58,Erena,Danielsen,false,17513 Anhalt Road,Georgia,edanielsen1l
59,Gilly,Dacres,false,8 East Avenue,Florida,gdacres1m
60,Jarrett,Cohani,true,40 Walton Plaza,New Jersey,jcohani1n
61,Findlay,Heatherington,false,45205 Schurz Circle,Oklahoma,fheatherington1o
62,Tilda,Petruk,true,20587 Caliangt Trail,Georgia,tpetruk1p
63,Janelle,Valett,false,1272 Moland Alley,Oklahoma,jvalett1q
64,Verile,Sher,true,260 Farmco Terrace,Indiana,vsher1r
65,Feodora,Venediktov,false,891 Bluestem Road,Texas,fvenediktov1s
66,Danell,Stedmond,true,93 Utah Lane,Arizona,dstedmond1t
67,Dwayne,McQuode,false,5763 Lakeland Lane,New Jersey,dmcquode1u
68,Ilysa,Clutten,true,90377 Declaration Hill,Virginia,iclutten1v
69,Marylynne,Davidsohn,false,86 Brickson Park Way,Ohio,mdavidsohn1w
70,Angie,O'Hannigan,false,82 Nova Street,New York,aohannigan1x
71,Gar,Titmarsh,false,767 Larry Center,Virginia,gtitmarsh1y
72,Ynez,Camilleri,true,44575 Pepper Wood Parkway,Florida,ycamilleri1z
73,Ashla,Thornewell,true,3 Aberg Place,Illinois,athornewell20
74,Sherwood,Whitticks,false,6 Bashford Terrace,Kentucky,swhitticks21
75,Calv,Savile,false,20402 Center Road,Arkansas,csavile22
76,Kimbell,Beastall,true,61 Sundown Way,Florida,kbeastall23
77,Tobiah,Mabe,true,0 Lakewood Gardens Terrace,New Mexico,tmabe24
78,Kyle,Dann,false,3230 Dayton Alley,Louisiana,kdann25
79,Damian,Mayou,false,94500 School Avenue,Iowa,dmayou26
80,Hunt,Crow,false,2050 Parkside Junction,Kentucky,hcrow27
81,Jill,Degue,true,17 Golf View Junction,Indiana,jdegue28
82,Osborne,Prantl,false,1 Goodland Court,District of Columbia,oprantl29
83,Vincenz,Spearett,true,3990 Heath Way,Louisiana,vspearett2a
84,Kayle,Hurle,false,849 Moland Park,Michigan,khurle2b
85,Adelina,Jancik,false,38932 Cascade Hill,Alabama,ajancik2c
86,Dollie,,false,7 Kingsford Parkway,Texas,dmarflitt2d
87,Boote,MacMenamin,true,9 Surrey Park,Texas,bmacmenamin2e
88,Jarad,Bruhnsen,true,2293 Myrtle Drive,Massachusetts,jbruhnsen2f
89,Marchelle,Cawsey,true,98760 Kipling Way,New York,mcawsey2g
90,Pincus,McCallam,true,7 Derek Parkway,New Jersey,pmccallam2h
91,Catarina,Cancott,false,92071 Milwaukee Circle,Missouri,ccancott2i
92,Malina,Marking,false,03 Petterle Road,Indiana,mmarking2j
93,Antony,,false,666 Coolidge Avenue,Iowa,adimanche2k
94,Marylee,McCrillis,true,49 Homewood Plaza,Iowa,mmccrillis2l
95,Danielle,Chooter,true,2 Cody Way,Texas,dchooter2m
96,Sarita,Jarman,true,0 Mcbride Plaza,Texas,sjarman2n
97,Delmor,Proughten,false,2881 Green Ridge Center,West Virginia,dproughten2o
98,Mona,Beckmann,true,6788 Fordem Terrace,Nevada,mbeckmann2p
99,Dolorita,Raunds,false,649 Corscot Pass,New York,draunds2q
100,Edsel,Brettoner,true,980 Canary Center,New Jersey,ebrettoner2r
101,Simeon,Fritschel,false,8 Anderson Road,Connecticut,sfritschel2s
102,Ozzy,Hallam,false,1744 Kropf Parkway,New York,ohallam2t
103,Davey,Shave,false,5674 Fuller Junction,Texas,dshave2u
104,Turner,Decourcy,true,71 Carberry Road,California,tdecourcy2v
105,Melitta,Winckle,false,96083 Ryan Drive,Florida,mwinckle2w
106,Laure,Clamp,true,5239 Havey Road,Pennsylvania,lclamp2x
107,Alida,Percy,true,36377 Algoma Street,Tennessee,apercy2y
108,Yolande,Blackden,false,55 Spenser Hill,Oklahoma,yblackden2z
109,Aleta,Slixby,false,80 Beilfuss Parkway,Tennessee,aslixby30
110,Davine,Teodorski,true,9 Redwing Crossing,Pennsylvania,dteodorski31
111,Flemming,Maruszewski,true,619 Coolidge Park,California,fmaruszewski32
112,Carlyn,Vaskin,false,12827 Texas Circle,New Mexico,cvaskin33
113,Alain,Mannie,true,504 Susan Park,Indiana,amannie34
114,Artur,Brookwell,true,8956 Judy Hill,Minnesota,abrookwell35
115,Lanie,Worshall,true,912 Shoshone Avenue,Texas,lworshall36
116,Waiter,Kubicki,false,3186 Fallview Center,Nevada,wkubicki37
117,Claudia,Lyvon,true,502 Mariners Cove Point,Maryland,clyvon38
118,Perren,,true,9 Kim Park,Indiana,pdumbare39
119,Kori,Toten,true,57673 Coolidge Park,California,ktoten3a
120,Alicia,Innwood,true,395 Kim Park,Kentucky,ainnwood3b
121,Artemis,Boner,false,510 Morning Way,California,aboner3c
122,Rozalie,Blaxter,true,2609 Riverside Road,District of Columbia,rblaxter3d
123,Immanuel,Gheerhaert,true,6 Charing Cross Place,Washington,igheerhaert3e
124,Yuma,Bruntjen,false,73 Waubesa Pass,Ohio,ybruntjen3f
125,Mariel,Wyborn,false,817 Ronald Regan Alley,Washington,mwyborn3g
126,Lilah,Da Costa,false,261 Jay Pass,New York,ldacosta3h
127,Kata,Judson,true,5654 Muir Park,Minnesota,kjudson3i
128,Alonzo,Roller,false,781 Eagan Pass,Texas,aroller3j
129,Brant,Absalom,true,26450 Anzinger Parkway,New York,babsalom3k
130,Marcelline,Lahiff,false,19 Warner Point,Arizona,mlahiff3l
131,Herminia,Astill,true,300 Debs Parkway,Ohio,hastill3m
132,Katheryn,Edgcumbe,false,46941 North Junction,Oregon,kedgcumbe3n
133,Marysa,Fontes,false,9826 Eastlawn Alley,North Carolina,mfontes3o
134,Lorilee,Dennert,true,1 Green Crossing,Georgia,ldennert3p
135,Alberto,Hamby,false,71 3rd Lane,Tennessee,ahamby3q
136,Carlen,Antham,true,5 Dorton Point,Minnesota,cantham3r
137,Drugi,Mc Kellen,true,3 South Park,Florida,dmckellen3s
138,Ellis,Rowswell,true,93536 Kingsford Park,Nevada,erowswell3t
139,Michal,Yerill,false,0548 Calypso Terrace,Nebraska,myerill3u
140,Queenie,Anney,false,5323 Evergreen Road,Oklahoma,qanney3v
141,Karney,Needham,false,7793 Miller Terrace,New York,kneedham3w
142,Sunny,O' Donohoe,true,609 Michigan Road,Florida,sodonohoe3x
143,Isabeau,Molan,false,8 Delladonna Drive,Florida,imolan3y
144,Tim,,true,66 Macpherson Plaza,Texas,tdenyukhin3z
145,Laraine,Ricks,false,3 Fulton Court,Washington,lricks40
146,Alexandre,Linsey,false,351 Village Alley,Pennsylvania,alinsey41
147,Roger,Houlworth,true,22 Park Meadow Trail,Missouri,rhoulworth42
148,Granthem,Baldam,false,76 Northport Way,Florida,gbaldam43
149,Lorraine,Durrad,true,5939 Doe Crossing Parkway,Iowa,ldurrad44
150,Lyssa,Slowgrove,false,4 Prairieview Way,Pennsylvania,lslowgrove45
151,Lockwood,Scoggins,true,09096 Stang Avenue,District of Columbia,lscoggins46
152,Elie,Bygreaves,false,5555 South Park,Pennsylvania,ebygreaves47
153,Missy,Paynter,true,61954 Center Center,Iowa,mpaynter48
154,Xerxes,,false,62 Moland Crossing,Ohio,xpierucci49
155,Yurik,Goldup,false,5333 Delaware Road,Alabama,ygoldup4a
156,Thornton,Dives,true,92 Cardinal Street,Arizona,tdives4b
157,Rogers,Pavlovsky,true,14 Kensington Road,Iowa,rpavlovsky4c
158,Lyndy,McGerr,true,374 Pennsylvania Drive,District of Columbia,lmcgerr4d
159,Barret,Benet,true,987 Maywood Road,Washington,bbenet4e
160,Marchelle,Bigby,false,7859 Oak Valley Court,Oklahoma,mbigby4f
161,Clement,Hatterslay,true,85177 Novick Avenue,California,chatterslay4g
162,Doroteya,Threlkeld,false,738 Harbort Road,California,dthrelkeld4h
163,Kaycee,Speedy,true,54 Parkside Plaza,Florida,kspeedy4i
164,Egor,Brezlaw,true,1 Rigney Court,California,ebrezlaw4j
165,Shayna,Piaggia,true,1 Arizona Alley,Alabama,spiaggia4k
166,Harcourt,Halpeine,true,32 Autumn Leaf Place,District of Columbia,hhalpeine4l
167,Wash,Storkes,false,3829 Continental Center,Connecticut,wstorkes4m
168,Fallon,MacCaull,false,5739 Summerview Way,Colorado,fmaccaull4n
169,Tanney,Holton,false,75 Upham Circle,California,tholton4o
170,Ansley,,true,182 Packers Avenue,Louisiana,aweber4p
171,Sayers,Bourner,false,618 Charing Cross Center,South Carolina,sbourner4q
172,Melisse,Bellin,false,86 Columbus Center,New York,mbellin4r
173,Israel,Hannam,true,8989 Gina Circle,California,ihannam4s
174,Chad,Warmisham,false,02578 Badeau Point,North Carolina,cwarmisham4t
175,Tab,Duff,true,6712 Pine View Center,Pennsylvania,tduff4u
176,Davidson,Lewsam,true,6874 Bay Crossing,California,dlewsam4v
177,Tedi,Pixton,false,4914 Tennyson Park,Colorado,tpixton4w
178,Werner,Jerrim,false,9946 Evergreen Junction,Florida,wjerrim4x
179,Lind,Margarson,false,0777 Cascade Terrace,Texas,lmargarson4y
180,Leonidas,Henrot,true,118 Bay Point,Texas,lhenrot4z
181,Adlai,Torrecilla,false,90 Vahlen Street,California,atorrecilla50
182,Sutherlan,,true,384 Schmedeman Junction,District of Columbia,sklaesson51
183,Roxine,Muxworthy,true,72853 Sherman Point,Connecticut,rmuxworthy52
184,Kinna,Winterburn,true,07 Jenifer Way,Ohio,kwinterburn53
185,Bruce,Rimington,false,507 Kennedy Lane,Massachusetts,brimington54
186,Darby,,true,044 Lyons Circle,Ohio,dscolts55
187,Jenifer,Chantillon,true,966 Ilene Drive,Tennessee,jchantillon56
188,Gretna,Ziebart,true,26 Bobwhite Circle,Georgia,gziebart57
189,Thedrick,Pettifer,false,83886 Glacier Hill Street,California,tpettifer58
190,Hartwell,Noades,false,03636 Bartelt Point,Georgia,hnoades59
191,Randy,,true,224 Mesta Street,Minnesota,rmccarl5a
192,Alexandros,Maciocia,false,52 Buell Court,Texas,amaciocia5b
193,Augy,Sultana,true,2591 Kinsman Court,Illinois,asultana5c
194,Libbi,Wallentin,false,5 Hazelcrest Circle,Pennsylvania,lwallentin5d
195,Gaven,McLane,false,1 Sunnyside Avenue,California,gmclane5e
196,Corette,Rugg,false,76409 Amoth Way,Michigan,crugg5f
197,Igor,,false,398 Kipling Place,Connecticut,ibrockway5g
198,Kania,O'Teague,false,0 Crowley Avenue,Kentucky,koteague5h
199,Arlee,Noell,true,917 Weeping Birch Crossing,Illinois,anoell5i
200,Annelise,Thom,false,4 Oak Place,Alabama,athom5j
201,Donny,,true,457 Nobel Trail,Connecticut,ddudderidge5k
202,Sigmund,,false,158 Lakeland Pass,Washington,sborrows5l
203,Adele,Hague,false,8 Superior Crossing,Kentucky,ahague5m
204,Davidde,Fishpool,true,1780 Vera Way,Kentucky,dfishpool5n
205,Seline,Berrey,false,31642 Monterey Hill,Tennessee,sberrey5o
206,Dolorita,Dranfield,true,588 Farmco Plaza,Indiana,ddranfield5p
207,Kordula,Napier,false,9065 Barby Street,Texas,knapier5q
208,Ella,McKerley,true,5828 Oakridge Trail,Texas,emckerley5r
209,Batsheva,Eagers,true,01 Darwin Hill,Pennsylvania,beagers5s
210,Allard,Wyard,true,94203 Northland Plaza,Colorado,awyard5t
211,Pandora,Powdrell,true,9 Stuart Lane,District of Columbia,ppowdrell5u
212,Cleveland,Turrill,true,9456 Dapin Way,Maryland,cturrill5v
213,Natale,Heeney,false,87 Wayridge Court,District of Columbia,nheeney5w
214,Gilemette,Baynard,true,83253 Melody Center,Missouri,gbaynard5x
215,Rickie,Tease,false,37 Lawn Junction,Illinois,rtease5y
216,Milka,Wildbore,false,54 Jenna Plaza,Indiana,mwildbore5z
217,Lilli,Worster,false,11 Upham Park,Mississippi,lworster60
218,Jamill,Nelle,true,58 Beilfuss Park,California,jnelle61
219,Nahum,Bloore,true,42 Heffernan Court,Pennsylvania,nbloore62
220,Elwood,Waltering,false,94810 Red Cloud Plaza,Florida,ewaltering63
221,Starlin,Williams,true,6460 Scofield Point,California,swilliams64
222,Flin,Huggen,false,0970 Summit Park,Kentucky,fhuggen65
223,Alberta,Knotte,true,571 Prentice Avenue,Texas,aknotte66
224,Randi,Minshall,true,45 Fieldstone Lane,Wisconsin,rminshall67
225,Ode,Ruggier,false,4 Sutteridge Pass,California,oruggier68
226,Gran,Budik,true,57302 Hoepker Drive,Pennsylvania,gbudik69
227,Anette,Clowes,true,63511 Scoville Lane,Idaho,aclowes6a
228,Clare,Abbate,false,72 Acker Trail,Washington,cabbate6b
229,Stephen,Heatly,false,5076 Hansons Place,California,sheatly6c
230,Jarrad,Myatt,false,0504 Schiller Pass,Ohio,jmyatt6d
231,Saudra,Sallier,true,831 Holmberg Court,Colorado,ssallier6e
232,Kingsley,Edgerton,false,0975 Crest Line Alley,Virginia,kedgerton6f
233,Colet,Winsborrow,true,18758 Clemons Street,New Jersey,cwinsborrow6g
234,Winslow,Magarrell,false,466 Arizona Hill,Indiana,wmagarrell6h
235,Loren,Damarell,true,33 Sloan Crossing,Pennsylvania,ldamarell6i
236,Raynor,Domenico,false,26196 Southridge Trail,New Jersey,rdomenico6j
237,Gwendolen,Gretton,false,59834 Hoard Lane,Texas,ggretton6k
238,Casper,Skeemer,true,3 Declaration Drive,New York,cskeemer6l
239,Sollie,Sapsforde,false,737 Hansons Way,Michigan,ssapsforde6m
240,Ddene,Tuddenham,true,013 Debra Plaza,California,dtuddenham6n
241,Karry,Ducham,false,589 8th Alley,Florida,kducham6o
242,Bell,Sharpley,false,9560 Moulton Court,Maryland,bsharpley6p
243,Rossy,Deaton,true,862 Bay Point,Illinois,rdeaton6q
244,Raphael,Gaylor,true,83454 Oneill Terrace,New York,rgaylor6r
245,Bambi,Oxnam,false,00 Donald Place,Nevada,boxnam6s
246,Loree,Gotfrey,true,486 Johnson Center,Wisconsin,lgotfrey6t
247,Danila,Gommowe,true,488 Di Loreto Hill,Texas,dgommowe6u
248,Belia,De Souza,true,65 Clove Alley,New York,bdesouza6v
249,Rheta,McTavy,false,7 Knutson Place,Massachusetts,rmctavy6w
250,Correna,Copin,true,705 Beilfuss Circle,Indiana,ccopin6x
251,Iver,Hackin,true,7838 Pond Pass,Florida,ihackin6y
252,Davina,Ardern,true,81628 Dennis Park,Florida,dardern6z
253,Juliane,Coton,true,10 Clyde Gallagher Lane,Utah,jcoton70
254,Cirstoforo,,true,3523 Summer Ridge Pass,Illinois,cshinner71
255,Franny,Bourcq,true,00764 Dahle Way,Oregon,fbourcq72
256,Casey,Rhule,true,14 Lunder Hill,Missouri,crhule73
257,Alberik,Gludor,true,01 8th Avenue,Missouri,agludor74
258,Jennie,Breacher,false,75270 Bartelt Trail,Ohio,jbreacher75
259,Hugibert,Aronovitz,true,31 Bultman Plaza,Texas,haronovitz76
260,Randall,,true,43 Harper Crossing,Connecticut,rhake77
261,Jaimie,,true,87 Claremont Center,Michigan,jduplan78
262,Georgetta,Lassey,true,5 Badeau Hill,Arkansas,glassey79
263,Anneliese,Mannock,true,51190 Acker Way,California,amannock7a
264,Melvyn,Glazyer,true,2 Green Ridge Hill,Alabama,mglazyer7b
265,Izaak,Conan,true,364 Esker Circle,Missouri,iconan7c
266,Malvin,Ekless,true,9 Raven Plaza,California,mekless7d
267,Wini,,true,5729 Mockingbird Point,Florida,whayfield7e
268,Mariette,Guiducci,false,866 Paget Way,New York,mguiducci7f
269,Laird,Bennet,true,6 Ridge Oak Place,District of Columbia,lbennet7g
270,Ulrika,Warrington,false,8454 Portage Way,California,uwarrington7h
271,Janet,Sauniere,false,587 Pennsylvania Drive,Ohio,jsauniere7i
272,Dorri,,true,39682 Bluejay Crossing,Minnesota,dtappor7j
273,Jonie,Daintrey,false,0920 Clove Court,District of Columbia,jdaintrey7k
274,Leif,Kyteley,false,35 Lindbergh Trail,Washington,lkyteley7l
275,Rheba,Pensom,false,26 Russell Court,New Jersey,rpensom7m
276,Wittie,Brewins,false,032 Myrtle Pass,Oklahoma,wbrewins7n
277,Loydie,Westell,true,736 Northport Junction,Maryland,lwestell7o
278,Dieter,Drillot,true,997 Delaware Way,New York,ddrillot7p
279,Loraine,Spire,true,8379 Forest Avenue,Illinois,lspire7q
280,Cari,Kleine,true,71421 Lunder Point,Georgia,ckleine7r
281,Alleyn,Iggalden,false,734 Ryan Alley,District of Columbia,aiggalden7s
282,Jo,Coulter,false,9013 Starling Park,Michigan,jcoulter7t
283,Cross,Eisenberg,true,73932 Maple Place,Minnesota,ceisenberg7u
284,Gibb,Kerbler,false,7 Fairfield Trail,Florida,gkerbler7v
285,Nate,Scriver,true,6 Tennyson Park,Virginia,nscriver7w
286,Robbi,Boor,true,0 Continental Way,Utah,rboor7x
287,Timmy,Bulch,false,97 Marcy Trail,Tennessee,tbulch7y
288,Gar,Caughte,true,90395 Carberry Park,New York,gcaughte7z
289,Nicolette,Fedder,true,0 Sugar Alley,Florida,nfedder80
290,Verene,Crysell,true,13 Heffernan Avenue,California,vcrysell81
291,Sella,Colman,false,4 Melody Street,Ohio,scolman82
292,Rycca,Antognozzii,true,95467 Maryland Plaza,Arkansas,rantognozzii83
293,Chandler,Ivankovic,false,5 Rusk Avenue,Alabama,civankovic84
294,Alaric,Bartlam,false,9 Trailsway Road,Florida,abartlam85
295,Claresta,Jakeway,true,74 Michigan Park,Iowa,cjakeway86
296,Pauli,Gascard,false,5699 Meadow Valley Point,Florida,pgascard87
297,Ervin,Celier,false,2 Mosinee Circle,New Mexico,ecelier88
298,Cthrine,Aisman,true,06230 Mosinee Plaza,Oregon,caisman89
299,Dayna,Salling,false,83 Michigan Lane,New York,dsalling8a
300,Candi,Tilbury,true,78 Carpenter Lane,California,ctilbury8b
301,Naomi,Slack,true,16 Victoria Parkway,Florida,nslack8c
302,Aubree,Tetsall,true,1207 Carey Plaza,Minnesota,atetsall8d
303,Tye,Pechet,true,21624 High Crossing Circle,California,tpechet8e
304,Rudiger,Ledeker,true,59092 Graceland Point,Minnesota,rledeker8f
305,Rene,Murrhaupt,true,22 Porter Crossing,Louisiana,rmurrhaupt8g
306,Ronnie,Quilliam,false,70091 Florence Lane,California,rquilliam8h
307,Hynda,Marsters,false,57 Emmet Park,Washington,hmarsters8i
308,Kristan,Gundrey,true,17 Carioca Road,Arkansas,kgundrey8j
309,Codie,L'oiseau,false,3 Autumn Leaf Pass,District of Columbia,cloiseau8k
310,Issi,Josling,true,92419 High Crossing Park,Virginia,ijosling8l
311,Horace,Revie,true,98440 Del Mar Court,Florida,hrevie8m
312,Minerva,Brayford,false,0 Delladonna Court,California,mbrayford8n
313,Taite,Lutsch,false,0 2nd Circle,Georgia,tlutsch8o
314,Travers,Demcak,false,607 Katie Way,Ohio,tdemcak8p
315,Brnaba,Snelson,true,676 School Plaza,New York,bsnelson8q
316,Fifine,Murby,false,5741 Nova Hill,North Carolina,fmurby8r
317,Didi,Woollacott,true,4 Schmedeman Lane,New York,dwoollacott8s
318,Mavra,Cawdery,true,0 Bunting Park,Ohio,mcawdery8t
319,Emmet,Deighton,false,8 Kingsford Crossing,Arkansas,edeighton8u
320,Marco,Lesaunier,false,157 Comanche Place,Kansas,mlesaunier8v
321,Beverlee,Boutellier,false,4461 Reindahl Plaza,Indiana,bboutellier8w
322,Walton,,false,91141 Rowland Hill,Virginia,wgreenset8x
323,Irwin,Rootham,false,5719 Fairfield Hill,California,irootham8y
324,Wrennie,Mion,true,4577 Basil Pass,New York,wmion8z
325,Morton,MacCoughen,false,41424 High Crossing Parkway,Louisiana,mmaccoughen90
326,Henrie,Duding,false,90 Doe Crossing Point,Ohio,hduding91
327,Fenelia,Lanchbury,false,6 Dunning Alley,Iowa,flanchbury92
328,Verina,Lomen,false,772 Manley Junction,New York,vlomen93
329,Meggy,Kytter,true,39425 Esch Junction,Ohio,mkytter94
330,Chrissy,Beckles,false,35 Loeprich Point,Minnesota,cbeckles95
331,Monro,Gorelli,false,17 School Court,Nevada,mgorelli96
332,Jeanie,Quadrio,true,99765 Charing Cross Place,Florida,jquadrio97
333,Benton,Ellcome,true,5 Bellgrove Lane,South Dakota,bellcome98
334,Cory,Ruprecht,true,516 Ridgeview Hill,California,cruprecht99
335,Ebony,Mockford,false,84937 Darwin Parkway,Alabama,emockford9a
336,Tersina,Keoghan,false,0 Center Circle,Connecticut,tkeoghan9b
337,Rutledge,Santer,true,43914 Sloan Avenue,New Jersey,rsanter9c
338,Catrina,Trime,true,78 Susan Lane,Louisiana,ctrime9d
339,Gawen,D'Souza,false,48941 Kedzie Alley,Ohio,gdsouza9e
340,Rachel,Roache,false,88533 Grover Parkway,Virginia,rroache9f
341,Alaric,Obey,false,93 Esker Crossing,California,aobey9g
342,Olivier,Albrook,true,0 Hollow Ridge Court,District of Columbia,oalbrook9h
343,Mitzi,Hambribe,true,02316 Cardinal Street,California,mhambribe9i
344,Miller,Prest,true,01 Stephen Circle,Ohio,mprest9j
345,Kevan,Cunniff,true,84734 Briar Crest Place,Kansas,kcunniff9k
346,Mervin,Barense,true,63127 Debs Alley,Florida,mbarense9l
347,Keeley,Matthai,true,3698 Warbler Circle,California,kmatthai9m
348,Keven,Leirmonth,true,03164 5th Road,California,kleirmonth9n
349,Jessie,Little,true,4509 Warbler Junction,Connecticut,jlittle9o
350,Dick,Kryzhov,true,8600 Pawling Alley,District of Columbia,dkryzhov9p
351,Diana,Tawton,true,7047 Sage Court,Indiana,dtawton9q
352,Forest,Lowrie,false,9 Redwing Park,Idaho,flowrie9r
353,Shoshana,Hillum,true,07 Shoshone Hill,New Mexico,shillum9s
354,Benn,Reardon,false,8894 Iowa Street,Utah,breardon9t
355,Helen-elizabeth,Stockings,false,7 Calypso Point,Illinois,hstockings9u
356,Gearalt,Blyth,false,65017 Golden Leaf Alley,Nevada,gblyth9v
357,Huntlee,Hargess,false,13 Bay Way,South Carolina,hhargess9w
358,Gwenni,Koppen,false,8777 Golf Park,New York,gkoppen9x
359,Mignonne,Early,true,71280 Fisk Terrace,Texas,mearly9y
360,Gilberte,Braundt,false,22509 Thompson Hill,Florida,gbraundt9z
361,Jehanna,Jirasek,true,109 Miller Road,Illinois,jjiraseka0
362,Ly,Norres,true,035 Westend Center,Minnesota,lnorresa1
363,Conni,Ramelot,false,51 Michigan Center,Texas,cramelota2
364,Rebecca,McMichell,false,3 Valley Edge Court,Oklahoma,rmcmichella3
365,Mathilda,Padilla,true,2 Jana Pass,Nevada,mpadillaa4
366,Reuben,Milton-White,false,289 Westridge Avenue,Florida,rmiltonwhitea5
367,Morton,Synke,false,7 Hayes Avenue,Washington,msynkea6
368,Granny,Salmons,false,605 Roxbury Crossing,West Virginia,gsalmonsa7
369,Maureene,Hurch,true,16131 Lyons Crossing,Texas,mhurcha8
370,My,Lunt,false,5 Brown Trail,Montana,mlunta9
371,Jereme,Dantesia,false,0 Valley Edge Junction,Iowa,jdantesiaaa
372,Linn,Verney,false,26858 Coleman Place,Florida,lverneyab
373,Wiatt,Hovel,true,211 Manufacturers Circle,Florida,whovelac
374,Yolande,Scotson,false,379 Brickson Park Road,California,yscotsonad
375,Saxe,Vakhrushin,false,2 Del Mar Center,Oklahoma,svakhrushinae
376,Fifine,,false,382 Springs Court,Ohio,fshervilleaf
377,Vevay,Pearde,false,5986 Golf View Place,Oregon,vpeardeag
378,Artemis,de Cullip,false,3151 Nelson Park,Alabama,adecullipah
379,Franni,Unitt,false,64 Swallow Plaza,Georgia,funittai
380,Jehanna,O'Conor,false,781 Kropf Alley,Pennsylvania,joconoraj
381,Ina,Leighton,true,754 Dahle Circle,California,ileightonak
382,Andreas,Rabbage,true,80143 Jana Junction,Florida,arabbageal
383,Wainwright,,false,968 Miller Avenue,California,warpinoam
384,Dulcie,Szwarc,true,678 Michigan Lane,Tennessee,dszwarcan
385,Antoni,Grouvel,false,2 Acker Park,Nevada,agrouvelao
386,Konstantine,Peake,true,80 Namekagon Hill,Kentucky,kpeakeap
387,Hadley,Geldart,true,40936 Lighthouse Bay Circle,Michigan,hgeldartaq
388,Dusty,Burnapp,true,412 Shelley Junction,Arizona,dburnappar
389,Adela,Dagleas,false,801 Forest Run Street,Kentucky,adagleasas
390,Berty,Gammel,true,213 Valley Edge Pass,Missouri,bgammelat
391,Katy,Kingaby,false,151 Buhler Point,Colorado,kkingabyau
392,Milly,Esseby,true,7210 David Pass,Missouri,messebyav
393,Karmen,Gulley,false,08 Hanson Avenue,New Jersey,kgulleyaw
394,Lizzy,Cadden,false,5931 Warner Alley,Louisiana,lcaddenax
395,Daniella,Delle,false,797 Summit Center,New York,ddelleay
396,Rosetta,Hayth,false,90 Acker Alley,Florida,rhaythaz
397,Eryn,Billham,false,33 Briar Crest Parkway,California,ebillhamb0
398,Sigismundo,,true,453 Ruskin Terrace,Michigan,santonb1
399,Faina,Maps,false,090 Dryden Lane,California,fmapsb2
400,Web,Coard,false,7706 Nevada Lane,North Carolina,wcoardb3
401,Benedetto,Sparrowhawk,true,04916 Everett Street,Florida,bsparrowhawkb4
402,Ofelia,Zavittieri,true,343 Becker Crossing,New York,ozavittierib5
403,Klemens,Wraggs,true,07043 Messerschmidt Pass,District of Columbia,kwraggsb6
404,Brennan,Folland,false,0888 Buhler Alley,Florida,bfollandb7
405,Jasmine,Chesnut,false,92058 Ilene Pass,Illinois,jchesnutb8
406,Arabel,Bernardinelli,false,9686 Fieldstone Road,Indiana,abernardinellib9
407,Yehudi,,false,68540 Autumn Leaf Way,Colorado,yhannisba
408,Johannes,Yeardley,true,71765 Logan Trail,Washington,jyeardleybb
409,Zeb,Bearblock,true,0833 Briar Crest Court,Minnesota,zbearblockbc
410,Marcille,Gapper,true,99 Vernon Point,District of Columbia,mgapperbd
411,Othelia,Weldon,false,23 Grover Circle,Louisiana,oweldonbe
412,Grover,Chauvey,true,45405 Basil Hill,District of Columbia,gchauveybf
413,Mareah,Chree,true,3360 Village Green Parkway,Alabama,mchreebg
414,Reena,Adriano,false,36407 Straubel Lane,Georgia,radrianobh
415,Tabbie,Natte,false,3 Towne Drive,Florida,tnattebi
416,Carol,Bilsford,true,0065 Kings Plaza,Texas,cbilsfordbj
417,Gennifer,Bewsy,false,10 Grayhawk Parkway,Colorado,gbewsybk
418,Skye,Arnald,true,8 Warner Terrace,California,sarnaldbl
419,Lodovico,de Quesne,false,482 Grim Avenue,Florida,ldequesnebm
420,Brok,Thunder,true,3 Forster Lane,Arkansas,bthunderbn
421,Ewart,Salerno,false,1942 Melby Junction,Arizona,esalernobo
422,Carmelle,Clair,true,49 Fordem Crossing,Missouri,cclairbp
423,Joel,Hebborne,true,343 Ludington Pass,Louisiana,jhebbornebq
424,Jasmin,Coutts,true,95 Lyons Avenue,Tennessee,jcouttsbr
425,Korry,Lenglet,true,2 Thompson Street,Kansas,klengletbs
426,Charline,Peres,true,33 Meadow Ridge Circle,California,cperesbt
427,Bing,Markwelley,true,447 Sauthoff Park,Oregon,bmarkwelleybu
428,Dominik,McNaughton,true,397 Alpine Point,Arizona,dmcnaughtonbv
429,Mariette,Jedrys,true,32 Red Cloud Point,Tennessee,mjedrysbw
430,Christin,Duffan,false,3046 Del Mar Lane,Texas,cduffanbx
431,Shelbi,Paulig,false,27 Ruskin Lane,Utah,spauligby
432,Ashil,Ciccarelli,true,922 Monterey Crossing,Colorado,aciccarellibz
433,Andros,Alford,true,208 Oxford Park,Michigan,aalfordc0
434,Gayle,Wapol,false,97 Dahle Circle,Wisconsin,gwapolc1
435,Rafaellle,Slatter,true,2093 Morningstar Way,Illinois,rslatterc2
436,Inge,Iorillo,true,461 Nancy Street,Mississippi,iiorilloc3
437,Harriett,Vela,false,9 Surrey Circle,Texas,hvelac4
438,Aube,Nestle,true,02 Killdeer Plaza,Rhode Island,anestlec5
439,Nico,Paddock,true,519 Vera Point,New York,npaddockc6
440,Darb,,true,8 Division Parkway,Ohio,dgridonc7
441,Tamma,Hubber,false,5 Hermina Crossing,Texas,thubberc8
442,Wandis,Leyborne,true,5783 Roxbury Road,Arkansas,wleybornec9
443,Erminia,Radin,false,709 Truax Place,Ohio,eradinca
444,Anne,McGaugan,true,792 Muir Place,California,amcgaugancb
445,Elwyn,Hawksworth,false,32759 Dexter Way,Washington,ehawksworthcc
446,Worthy,Bolstridge,false,2 Holy Cross Hill,South Carolina,wbolstridgecd
447,Lisabeth,Gerrietz,false,9 Sundown Trail,Minnesota,lgerrietzce
448,Eldon,Swaite,false,564 Orin Park,Ohio,eswaitecf
449,Nonnah,Malam,false,9 Caliangt Park,Kansas,nmalamcg
450,Carolann,Measom,false,336 Starling Place,District of Columbia,cmeasomch
451,Fairfax,Gingles,true,27554 Chive Plaza,Ohio,fginglesci
452,Sharia,Lowndesbrough,false,3 Pine View Crossing,Pennsylvania,slowndesbroughcj
453,Druci,MacGaughy,false,4 Kenwood Park,Pennsylvania,dmacgaughyck
454,Harri,Askham,false,7 Blackbird Court,California,haskhamcl
455,Karlotta,Mohammed,true,21 Sage Way,Texas,kmohammedcm
456,Tate,Tailour,false,58 Ridgeway Place,Indiana,ttailourcn
457,Jessica,McReath,true,9373 Quincy Hill,South Carolina,jmcreathco
458,Franklyn,McElwee,true,7276 Ridgeview Drive,Louisiana,fmcelweecp
459,Gordy,Quadri,true,96791 Golf Course Avenue,Pennsylvania,gquadricq
460,Malia,Linscott,false,76 Pankratz Plaza,Montana,mlinscottcr
461,Aindrea,Kennerknecht,true,8 Merrick Crossing,Virginia,akennerknechtcs
462,Conny,Soggee,false,11 Acker Drive,Arizona,csoggeect
463,Garfield,Wines,false,5 Fair Oaks Plaza,Ohio,gwinescu
464,Meara,Portwaine,true,9 Huxley Parkway,Missouri,mportwainecv
465,Zarah,,false,6 Declaration Avenue,Ohio,zhaggardcw
466,Bidget,Bakewell,true,93 Hanover Point,Colorado,bbakewellcx
467,Kristofor,Weymont,false,47 Lakewood Gardens Crossing,Texas,kweymontcy
468,Christoffer,Gower,true,09 Pawling Park,Nevada,cgowercz
469,Leontine,Macoun,true,381 Nova Drive,Florida,lmacound0
470,Orland,Blunsum,false,43 Raven Terrace,Florida,oblunsumd1
471,Dolph,Kahan,false,51918 Dovetail Way,Oklahoma,dkahand2
472,Ardath,Kik,true,8 Buell Way,Georgia,akikd3
473,Tannie,Matschoss,true,72314 Hoard Trail,California,tmatschossd4
474,Dicky,Cohrs,false,75993 Del Mar Junction,Missouri,dcohrsd5
475,Pet,Maddison,false,243 Little Fleur Hill,Florida,pmaddisond6
476,Matty,Vaughan,false,2 Lillian Alley,Michigan,mvaughand7
477,Shalom,Marcombe,true,88184 Sherman Way,Louisiana,smarcombed8
478,Phillipp,Hedditeh,false,07056 Hayes Trail,Missouri,phedditehd9
479,Glyn,Idill,true,323 Dwight Court,Colorado,gidillda
480,Ursola,Bodham,true,1777 Spenser Junction,Iowa,ubodhamdb
481,Peta,Pomroy,false,5 Raven Circle,Florida,ppomroydc
482,Reade,,false,6 Carberry Junction,California,rmajordd
483,Abran,Franklyn,false,829 High Crossing Plaza,North Carolina,afranklynde
484,Wallie,Mollatt,true,33217 Summit Junction,Ohio,wmollattdf
485,Dasha,Heindle,true,512 Straubel Place,North Carolina,dheindledg
486,Ernaline,,false,8 Boyd Place,Maryland,emayoudh
487,Torey,McGenn,false,878 Loomis Road,New York,tmcgenndi
488,Claudelle,,true,6 Warbler Lane,California,csillimandj
489,Jessie,Westley,true,51628 Service Road,Minnesota,jwestleydk
490,Maddy,Jewitt,false,71712 Shoshone Alley,Florida,mjewittdl
491,Leticia,Sandys,false,83 Dahle Crossing,Texas,lsandysdm
492,Yolanda,Barley,false,6432 Kedzie Trail,West Virginia,ybarleydn
493,Judith,Whimp,false,4 Carpenter Drive,California,jwhimpdo
494,Vittorio,Overland,false,19 Tennyson Plaza,North Carolina,voverlanddp
495,Lauryn,Dillinger,true,1628 Shasta Lane,Colorado,ldillingerdq
496,Sibylle,Schreurs,true,6009 Sage Point,Washington,sschreursdr
497,Harrison,Morter,true,297 Little Fleur Way,Florida,hmorterds
498,Rose,Heinert,true,4 Eagle Crest Parkway,California,rheinertdt
499,Gwenora,,true,5835 Melrose Parkway,New York,gverekerdu
500,Dorey,Pettengell,false,50055 Veith Parkway,Ohio,dpettengelldv
501,Nahum,Goundrill,true,44295 Monterey Street,Mississippi,ngoundrilldw
502,Jourdain,Bartoszewicz,true,264 Sunnyside Alley,Iowa,jbartoszewiczdx
503,Cicely,,false,4 Arapahoe Hill,Maryland,cmacconnaldy
504,Pierre,Loftin,true,98407 Hermina Court,Illinois,ploftindz
505,Gaby,Tellenbrok,true,7645 Derek Pass,Indiana,gtellenbroke0
506,Anette,Degoy,true,3985 Cardinal Parkway,Washington,adegoye1
507,Mariann,Glassard,false,45 Main Drive,Missouri,mglassarde2
508,Cammi,Thurstance,false,36 Beilfuss Junction,Florida,cthurstancee3
509,Kimble,Petrulis,true,7640 6th Court,Washington,kpetrulise4
510,Vannie,McDermid,false,71530 Burrows Trail,Nevada,vmcdermide5
511,Sibyl,,false,753 Portage Hill,Illinois,sshelveye6
512,Andreana,Delgaty,false,1 Hauk Circle,Texas,adelgatye7
513,Eugene,Strutton,true,0 Victoria Avenue,Florida,estruttone8
514,Alex,Skayman,false,0 Swallow Lane,Virginia,askaymane9
515,Fonzie,Figures,false,8977 Waxwing Alley,Virginia,ffiguresea
516,Isa,Everly,false,6 Red Cloud Trail,Alaska,ieverlyeb
517,Vail,Easdon,true,8 Blackbird Terrace,New York,veasdonec
518,Angeli,Straniero,true,948 Mallard Crossing,Texas,astranieroed
519,Kurtis,Casham,true,6060 Loftsgordon Parkway,California,kcashamee
520,Ag,Patrickson,true,11 Mendota Place,Missouri,apatricksonef
521,Frayda,Manger,false,81 Mariners Cove Avenue,Pennsylvania,fmangereg
522,Zia,Mollen,false,0 Lien Point,Michigan,zmolleneh
523,Lamond,Westhofer,true,5 Ridgeway Crossing,Louisiana,lwesthoferei
524,Murdock,McAvaddy,true,8 Manley Parkway,California,mmcavaddyej
525,Rafe,Trevethan,true,412 Rowland Junction,Michigan,rtrevethanek
526,Tucky,McMeanma,true,5 Loomis Crossing,Georgia,tmcmeanmael
527,Ivett,Hansie,false,72 Butterfield Lane,Virginia,ihansieem
528,Corrie,Keoghan,false,496 Melby Road,Florida,ckeoghanen
529,Garrot,Lehrian,false,87794 Pleasure Drive,Texas,glehrianeo
530,Duffie,Aldrin,false,8476 Blackbird Hill,Mississippi,daldrinep
531,Aeriel,Kelson,true,094 Saint Paul Hill,Alabama,akelsoneq
532,Prinz,Hamer,false,6092 Arrowood Park,California,phamerer
533,Ray,De Dantesie,true,64 Ryan Parkway,Indiana,rdedantesiees
534,Tandy,Coggan,true,857 Heath Terrace,Maryland,tcogganet
535,Mariette,Frankis,true,8526 Hoepker Plaza,Texas,mfrankiseu
536,Linnell,Ounsworth,true,837 Lotheville Parkway,Alabama,lounsworthev
537,Quintilla,Galbraeth,false,2040 Drewry Place,California,qgalbraethew
538,Fanya,Reece,false,4743 Mayfield Alley,California,freeceex
539,Karry,Streater,false,6 Dunning Street,Florida,kstreaterey
540,Myrtia,Wagon,false,5 Southridge Pass,Georgia,mwagonez
541,Bank,Saxon,true,74 Mendota Street,Texas,bsaxonf0
542,Rhoda,Mundy,false,83313 Delladonna Trail,Nevada,rmundyf1
543,Hyacinth,Kell,true,5 Vernon Center,Texas,hkellf2
544,Aurea,Huet,false,7481 Nelson Junction,Texas,ahuetf3
545,Jarrid,Robertelli,false,7414 Basil Park,Washington,jrobertellif4
546,Genevieve,Driffield,true,6 Lawn Junction,Florida,gdriffieldf5
547,Cornelius,Rivalant,false,3 Bultman Parkway,Florida,crivalantf6
548,Shelton,Frude,true,7243 Continental Hill,Texas,sfrudef7
549,Raffarty,Gudger,true,10476 Everett Avenue,California,rgudgerf8
550,Katha,Hendrick,false,77026 Arrowood Parkway,Alabama,khendrickf9
551,Caren,Morrill,false,21 Prairieview Lane,Texas,cmorrillfa
552,Maynord,Warby,true,637 Muir Circle,Texas,mwarbyfb
553,Chiquita,Hosby,true,2 5th Trail,Texas,chosbyfc
554,Alphard,Sackey,false,2920 Sutherland Court,Oklahoma,asackeyfd
555,Damaris,Dury,false,0037 Mallory Way,Ohio,dduryfe
556,Tilda,Seyffert,true,258 Novick Road,New Jersey,tseyffertff
557,Garvin,Gosnold,true,09828 Basil Center,Florida,ggosnoldfg
558,Egor,Belliard,false,46078 Thierer Way,Texas,ebelliardfh
559,Nicolle,Winchester,false,6181 Florence Lane,Louisiana,nwinchesterfi
560,Michaella,Dreakin,false,04 Homewood Terrace,Florida,mdreakinfj
561,Aliza,,true,39351 Arizona Park,Louisiana,aedmondsonfk
562,Gilli,Wenden,true,19697 School Terrace,Maryland,gwendenfl
563,Jordan,Priestman,true,31669 Lotheville Trail,Arizona,jpriestmanfm
564,Gwyn,Frisch,true,37 Reindahl Circle,Minnesota,gfrischfn
565,Horatio,Luno,false,70289 Weeping Birch Street,District of Columbia,hlunofo
566,Charmain,Garaway,true,72836 Lerdahl Parkway,Arizona,cgarawayfp
567,Davida,Bohlens,false,55 5th Plaza,Illinois,dbohlensfq
568,Biron,,false,6 Logan Alley,Virginia,bcohalanfr
569,Cathie,Vardie,false,27 Packers Way,District of Columbia,cvardiefs
570,Gustie,,false,3 Melody Street,Oregon,gmatejicft
571,Reinhard,Phillipps,true,13883 Dayton Center,Michigan,rphillippsfu
572,Margy,Mews,true,44 Mccormick Crossing,Idaho,mmewsfv
573,Enrique,Lotwich,true,1 Onsgard Center,Florida,elotwichfw
574,Angelika,Yearby,false,5711 Bowman Parkway,District of Columbia,ayearbyfx
575,Jolene,Speenden,true,776 Bowman Park,New Mexico,jspeendenfy
576,Fulvia,Spileman,false,68 Eastlawn Road,Arizona,fspilemanfz
577,Arabel,Margaritelli,false,03 Meadow Valley Alley,California,amargaritellig0
578,Sky,Maria,true,1 Golf View Park,Pennsylvania,smariag1
579,Emmalyn,McClaughlin,true,72 Hollow Ridge Trail,Texas,emcclaughling2
580,Leo,Lamzed,true,974 Donald Place,California,llamzedg3
581,Brendis,Mendus,true,1 Longview Park,Texas,bmendusg4
582,Charlean,Minichi,false,7 Sommers Point,Colorado,cminichig5
583,Fidelia,Gillet,true,18755 Laurel Court,Utah,fgilletg6
584,Alanna,Hayes,false,34 Arapahoe Plaza,Kentucky,ahayesg7
585,Allie,Copello,false,5 Claremont Street,Texas,acopellog8
586,Ignatius,Booij,false,53853 Londonderry Park,Arizona,ibooijg9
587,Cassy,Dooman,true,59229 Glendale Hill,Florida,cdoomanga
588,Regina,Gruszka,false,70 Center Circle,Wisconsin,rgruszkagb
589,Camellia,Zute,false,5 Bowman Road,California,czutegc
590,Carilyn,Midson,false,107 Monterey Park,Nevada,cmidsongd
591,Gerome,Winterbotham,true,1221 Novick Avenue,Texas,gwinterbothamge
592,Mallissa,Elcomb,true,46227 Anzinger Center,California,melcombgf
593,Waring,Cayley,false,9 Park Meadow Lane,Iowa,wcayleygg
594,Val,Vost,false,22 Columbus Trail,Minnesota,vvostgh
595,Easter,Hexam,false,9 Northfield Trail,Kentucky,ehexamgi
596,Rozamond,Algy,false,2514 Elka Park,Florida,ralgygj
597,Velma,Laidler,false,263 Lakeland Parkway,Nebraska,vlaidlergk
598,Jasmin,Duncan,true,4 Quincy Drive,Texas,jduncangl
599,Constancia,Bagnal,false,3138 Porter Plaza,Maryland,cbagnalgm
600,Willdon,Kupec,true,584 Fisk Way,Virginia,wkupecgn
601,Patrica,Ekell,false,4 Arkansas Way,Kentucky,pekellgo
602,Othelia,Defraine,true,2121 Canary Pass,Tennessee,odefrainegp
603,Gerik,Dri,false,3153 American Ash Trail,Arizona,gdrigq
604,Lilith,Burress,false,1157 Hoepker Hill,Virginia,lburressgr
605,Carolan,Grange,false,1 International Hill,New York,cgrangegs
606,Elwira,Barca,false,60020 Vera Terrace,Texas,ebarcagt
607,Peta,Brittle,true,4 Schmedeman Terrace,Indiana,pbrittlegu
608,Malynda,Dever,true,83 Lyons Circle,Colorado,mdevergv
609,Mellisent,Cotsford,true,919 Bunting Park,New Jersey,mcotsfordgw
610,Tomlin,Viveash,false,90 Butterfield Plaza,California,tviveashgx
611,Angelina,Rosthorn,true,167 Independence Avenue,Minnesota,arosthorngy
612,Oralie,Headington,true,1274 Ridgeview Street,Florida,oheadingtongz
613,Latashia,,false,61001 Comanche Trail,Oklahoma,lgilleberth0
614,Maryanna,Touhig,false,17805 Lakeland Terrace,Missouri,mtouhigh1
615,Evie,Boundy,false,59 Welch Center,Colorado,eboundyh2
616,Yolanda,Surmeyers,false,896 Norway Maple Trail,Utah,ysurmeyersh3
617,Frants,Robillard,true,929 Waywood Parkway,Pennsylvania,frobillardh4
618,Moria,Cashley,false,4665 Forest Run Circle,New Mexico,mcashleyh5
619,Herbert,Kohn,true,1 Meadow Vale Junction,Illinois,hkohnh6
620,Dugald,Cahalin,true,96350 Gulseth Lane,Pennsylvania,dcahalinh7
621,Juanita,Farndell,false,913 Lukken Circle,California,jfarndellh8
622,Nona,,true,27 La Follette Road,Texas,njollyh9
623,Amii,D'orsay,true,3 Pond Park,Virginia,adorsayha
624,Lina,,false,400 Corscot Alley,Texas,ldrainhb
625,Hasty,Lilie,true,98 Ruskin Avenue,California,hliliehc
626,Tabb,Huggard,false,055 Monument Center,New Jersey,thuggardhd
627,Frederigo,,true,17052 Victoria Terrace,Indiana,fworvillhe
628,Ardis,Slimm,true,86 Carberry Point,Florida,aslimmhf
629,Brnaby,Burkitt,true,0633 Washington Street,New Jersey,bburkitthg
630,Lorna,Cobbin,false,836 Sycamore Hill,Michigan,lcobbinhh
631,Maye,Haime,true,2 Kropf Junction,Michigan,mhaimehi
632,Renelle,McGeaney,false,31218 West Way,Washington,rmcgeaneyhj
633,Basilius,Jowett,true,0 Fordem Avenue,Florida,bjowetthk
634,Alana,Passby,true,55 Marquette Court,Massachusetts,apassbyhl
635,Hube,Pottell,false,18506 Myrtle Circle,Texas,hpottellhm
636,Pembroke,Biset,true,0954 Warner Hill,Minnesota,pbisethn
637,Karel,Moral,true,91888 Monica Park,Montana,kmoralho
638,Carl,Epsley,true,32 Miller Park,Iowa,cepsleyhp
639,Caro,Buesnel,false,26455 Knutson Road,California,cbuesnelhq
640,Sela,Somerton,true,90 Elmside Street,Colorado,ssomertonhr
641,Alyce,McHale,false,158 6th Drive,Alabama,amchalehs
642,Kirbie,Willingham,true,73 Northridge Hill,Indiana,kwillinghamht
643,Dalton,Critzen,true,33848 Ohio Junction,Wisconsin,dcritzenhu
644,Ellette,Ebbing,false,28 Village Green Court,California,eebbinghv
645,Isa,Uttridge,false,3 Crowley Drive,Texas,iuttridgehw
646,Annetta,Mountford,true,988 Montana Avenue,Connecticut,amountfordhx
647,Caresa,Davsley,false,69150 Maple Court,New Mexico,cdavsleyhy
648,Charlotta,Orrom,false,59101 Grim Alley,Michigan,corromhz
649,Ann,Yankov,false,78 Mcguire Terrace,Minnesota,ayankovi0
650,Rozalie,,true,785 Huxley Crossing,Colorado,rferrettinoi1
651,Gerik,Wrettum,true,75494 Bunting Court,California,gwrettumi2
652,Drucy,Cradick,false,9750 Lakeland Trail,Arizona,dcradicki3
653,Ramon,Carswell,false,9053 Green Court,Florida,rcarswelli4
654,Audrey,Grubbe,false,36 East Avenue,Minnesota,agrubbei5
655,Muffin,Butterwick,false,517 Oneill Parkway,North Carolina,mbutterwicki6
656,Juanita,Deely,true,547 Bartillon Pass,District of Columbia,jdeelyi7
657,Craggie,Sandry,true,98493 Declaration Circle,Pennsylvania,csandryi8
658,Earle,Dunsmuir,false,9 5th Crossing,Minnesota,edunsmuiri9
659,Hernando,Prodrick,false,8672 Red Cloud Avenue,California,hprodrickia
660,Lazarus,Itscowicz,true,744 Crownhardt Pass,Tennessee,litscowiczib
661,Uriel,Pursglove,true,14 Fisk Place,Tennessee,upursgloveic
662,Gayler,Garlic,true,7379 Harper Circle,Georgia,ggarlicid
663,Dorella,Unsworth,false,35585 Grasskamp Place,Florida,dunsworthie
664,Annalise,Chipperfield,false,1303 Delaware Place,Arizona,achipperfieldif
665,Ryon,Longea,true,540 Forest Dale Parkway,Florida,rlongeaig
666,Erinn,Motton,false,61 Melody Pass,Maryland,emottonih
667,Viv,Maidens,false,9 Stuart Road,New York,vmaidensii
668,Terry,Marshland,true,868 Monument Court,West Virginia,tmarshlandij
669,Elbert,,true,0800 Maple Wood Park,Texas,eruddlesdenik
670,Carolyn,Dearnley,true,076 Algoma Way,California,cdearnleyil
671,Luise,Fero,false,44972 Forest Dale Terrace,Texas,lferoim
672,Bruno,Gillan,false,80 Prairie Rose Junction,Tennessee,bgillanin
673,Antoinette,Stannion,true,97153 East Place,South Carolina,astannionio
674,Redford,Avramchik,false,25 Del Sol Way,Alabama,ravramchikip
675,Frasco,Blaszczynski,true,21 Lukken Court,Virginia,fblaszczynskiiq
676,Rogerio,Stow,false,09 Wayridge Plaza,Texas,rstowir
677,Raquel,Longworth,true,8 Walton Place,Ohio,rlongworthis
678,Costa,Asbrey,false,3339 Milwaukee Pass,Illinois,casbreyit
679,Madlen,Sones,true,7 Redwing Crossing,Arizona,msonesiu
680,Tony,Yvens,true,6742 Kim Road,Michigan,tyvensiv
681,Malynda,Longford,true,770 Schlimgen Avenue,Arizona,mlongfordiw
682,Aggy,Brasseur,true,51346 Kenwood Street,New York,abrasseurix
683,Kendall,Jutson,true,1 Bunting Terrace,Florida,kjutsoniy
684,Alain,Tressler,true,89035 Express Circle,Michigan,atressleriz
685,Latrena,Orwell,false,2 Blue Bill Park Hill,Indiana,lorwellj0
686,Leontine,,false,2 Emmet Park,New York,lredgrovej1
687,Britni,Fordy,true,43 Morning Trail,Washington,bfordyj2
688,Andre,Lodo,true,40817 Redwing Plaza,New York,alodoj3
689,Miles,Pilipets,false,5253 Hauk Alley,North Carolina,mpilipetsj4
690,Kristos,Babinski,true,7 Fuller Parkway,Delaware,kbabinskij5
691,Inger,Pead,false,58 Kensington Park,Ohio,ipeadj6
692,Aura,Baumford,false,890 Bowman Hill,Louisiana,abaumfordj7
693,Clemmie,Wernher,false,7363 Cambridge Drive,California,cwernherj8
694,Giraldo,Treneman,false,83 Gerald Junction,Illinois,gtrenemanj9
695,Terza,Stango,false,6095 Talmadge Road,Massachusetts,tstangoja
696,Jeramie,Gerckens,true,48145 Londonderry Way,West Virginia,jgerckensjb
697,Grannie,Wooff,true,261 Dorton Junction,California,gwooffjc
698,Teressa,Sherebrook,false,14 Carpenter Drive,New Jersey,tsherebrookjd
699,Berti,Lilleman,true,4 Clove Street,Virginia,blillemanje
700,Paquito,McLenahan,true,8 School Place,Georgia,pmclenahanjf
701,Rakel,Antyukhin,false,6609 Blackbird Terrace,South Dakota,rantyukhinjg
702,Tammie,Cella,false,3293 Crescent Oaks Hill,Illinois,tcellajh
703,Blanch,Abernethy,false,90291 Stoughton Junction,Texas,babernethyji
704,Ellswerth,Conrart,true,3 Mendota Trail,Texas,econrartjj
705,Toby,Ramalho,true,28 Sheridan Place,Missouri,tramalhojk
706,Hilario,Paolazzi,false,5225 Logan Plaza,Florida,hpaolazzijl
707,Zorina,Lowthorpe,true,684 New Castle Trail,Maryland,zlowthorpejm
708,Odie,Seyers,false,65 Spohn Circle,Hawaii,oseyersjn
709,Drusy,Baser,true,150 Larry Plaza,Louisiana,dbaserjo
710,Gary,Annatt,false,06990 Huxley Drive,Texas,gannattjp
711,Isidore,De Coursey,false,72220 Butternut Center,Alabama,idecourseyjq
712,Constantine,Spyer,false,30 Brickson Park Pass,California,cspyerjr
713,Jayme,Eastcott,true,4 Kensington Center,Texas,jeastcottjs
714,Felicity,Greenstreet,true,000 Muir Park,Oklahoma,fgreenstreetjt
715,Gan,Lince,false,026 Memorial Terrace,Oklahoma,glinceju
716,Birk,Ferres,true,47088 Corscot Crossing,Kansas,bferresjv
717,Tuckie,Hordell,false,5283 Monument Trail,Georgia,thordelljw
718,Ancell,Hargey,false,31 Eastlawn Way,Georgia,ahargeyjx
719,Ichabod,Leavey,true,59110 Spaight Parkway,Ohio,ileaveyjy
720,Georgianna,Ramel,false,6130 Esker Crossing,Florida,grameljz
721,Urson,Shilleto,false,1 Hallows Junction,Oregon,ushilletok0
722,Lora,Collopy,false,5629 Sommers Way,Pennsylvania,lcollopyk1
723,Egon,LLelweln,false,9 Mayfield Point,Missouri,ellelwelnk2
724,Janeta,Esler,false,1040 Hagan Street,New Jersey,jeslerk3
725,Addy,Feckey,false,305 Larry Plaza,New Jersey,afeckeyk4
726,Claiborn,Gaydon,false,10815 Schlimgen Park,Pennsylvania,cgaydonk5
727,Karleen,Selwin,false,7 Iowa Junction,New Jersey,kselwink6
728,Darda,Winscomb,true,90 Cottonwood Point,Arizona,dwinscombk7
729,Moritz,Bruckman,true,908 Eagle Crest Trail,North Carolina,mbruckmank8
730,Shawn,Raccio,true,137 Thackeray Pass,California,sracciok9
731,Lonny,Capel,false,629 Cottonwood Point,Florida,lcapelka
732,Georges,,true,89 Atwood Point,California,gbiasikb
733,Emmey,Winspeare,false,925 New Castle Center,Missouri,ewinspearekc
734,Ken,Earney,false,72 Scott Point,South Dakota,kearneykd
735,Tucker,Castagneri,true,4 Nelson Hill,Missouri,tcastagnerike
736,Torrin,Muckart,false,9570 Summerview Way,Minnesota,tmuckartkf
737,Denice,Smullen,false,1 Londonderry Place,Illinois,dsmullenkg
738,Clemmy,Scramage,true,43 Norway Maple Avenue,Ohio,cscramagekh
739,Danila,Duke,false,1 Talmadge Alley,District of Columbia,ddukeki
740,Cam,Whorlow,false,39881 Clarendon Plaza,Florida,cwhorlowkj
741,Batholomew,Sail,false,807 Ilene Junction,New York,bsailkk
742,Teodora,Cullon,false,1568 Montana Way,Massachusetts,tcullonkl
743,Caresse,Camamill,false,72 Elgar Hill,Missouri,ccamamillkm
744,Zorana,Nevett,true,59 Melrose Crossing,New York,znevettkn
745,Cad,Spacey,false,977 Upham Crossing,Indiana,cspaceyko
746,Maxim,Godin,false,2346 Grayhawk Drive,New Mexico,mgodinkp
747,Elga,,false,4557 Scoville Court,California,epereirakq
748,Alonzo,Farleigh,false,8 Prairie Rose Crossing,Kansas,afarleighkr
749,Barnett,Python,true,72 Basil Place,Texas,bpythonks
750,Dorisa,Chisolm,true,12157 Sullivan Terrace,Texas,dchisolmkt
751,Hobard,Dugue,true,0 Thackeray Lane,Georgia,hdugueku
752,Tann,Woonton,true,5 Granby Road,New York,twoontonkv
753,Newton,Sumshon,true,7 Autumn Leaf Parkway,Washington,nsumshonkw
754,Simeon,Dorney,true,503 Macpherson Crossing,California,sdorneykx
755,Winfield,,true,91 Butternut Place,California,wpoyzerky
756,Sharai,Fahrenbach,false,000 Carioca Crossing,Texas,sfahrenbachkz
757,Roarke,Kettel,true,337 Sutherland Point,Florida,rkettell0
758,Terra,Cowtherd,false,252 Rieder Center,Texas,tcowtherdl1
759,Johnnie,Canwell,false,00 Lakeland Way,California,jcanwelll2
760,Corrie,,true,30 Summit Trail,Texas,cgrasnerl3
761,Valery,Barhem,false,8 Waxwing Center,New York,vbarheml4
762,Oswell,MacCorkell,true,54755 Farmco Terrace,Pennsylvania,omaccorkelll5
763,Elora,Arthy,true,6 Kedzie Court,Massachusetts,earthyl6
764,Lorain,Zuanelli,false,14 Cascade Road,New York,lzuanellil7
765,Clayborne,Jiru,false,38901 Shoshone Terrace,District of Columbia,cjirul8
766,Jacquelynn,Nijs,false,74 Colorado Trail,Florida,jnijsl9
767,Hobard,Anfosso,true,700 Arkansas Terrace,North Carolina,hanfossola
768,Yancey,Struijs,false,416 Bluejay Lane,Tennessee,ystruijslb
769,Stephie,Wix,false,0260 Moland Avenue,Massachusetts,swixlc
770,Yale,Pepineaux,true,04 North Alley,New Mexico,ypepineauxld
771,Stephani,,false,96169 Rusk Point,Minnesota,scrollale
772,Johanna,,false,18145 School Way,Texas,jcaselicklf
773,Francesca,Frissell,false,72471 Pleasure Terrace,Alabama,ffrisselllg
774,Hugibert,Strickland,false,51 East Terrace,South Carolina,hstricklandlh
775,Eudora,Kearton,false,30049 Fairview Lane,California,ekeartonli
776,Emily,Carncross,false,0089 Blackbird Lane,Missouri,ecarncrosslj
777,Sibilla,Leggis,false,8 Steensland Point,Pennsylvania,sleggislk
778,Kania,Plumbley,true,609 Russell Road,Virginia,kplumbleyll
779,Muffin,McAnellye,true,5393 Main Road,North Carolina,mmcanellyelm
780,Rubetta,Speeks,false,1658 Warbler Avenue,Washington,rspeeksln
781,Horten,Hemmingway,true,15 Judy Drive,Texas,hhemmingwaylo
782,Hanan,Drable,false,46016 7th Way,Alabama,hdrablelp
783,Roobbie,Keyhoe,true,13 Sunbrook Hill,Virginia,rkeyhoelq
784,Rickard,Sharman,false,57 Service Drive,New York,rsharmanlr
785,Dotti,Antyukhin,true,54485 Monica Avenue,California,dantyukhinls
786,Valaree,Foxen,true,22372 Northland Point,Colorado,vfoxenlt
787,Nikola,Blizard,true,685 Pearson Road,New Mexico,nblizardlu
788,Glyn,Bemlott,true,87717 Browning Junction,Florida,gbemlottlv
789,Godart,Gogerty,false,842 Rusk Terrace,Louisiana,ggogertylw
790,Noni,Blackly,false,8 Carioca Circle,New York,nblacklylx
791,Griffy,Harrington,false,9151 Heffernan Trail,New York,gharringtonly
792,Sig,Crace,false,8 Caliangt Point,Texas,scracelz
793,Laurella,Albin,false,4133 Hanson Trail,New York,lalbinm0
794,Dorie,Domino,false,2 Eagan Plaza,Vermont,ddominom1
795,Loella,Siemens,true,93 Killdeer Hill,District of Columbia,lsiemensm2
796,Farrah,Allwright,true,59063 Corry Drive,Hawaii,fallwrightm3
797,Jelene,Masurel,false,810 Dexter Lane,Florida,jmasurelm4
798,Emmalee,Stopforth,false,9 Mayer Point,Vermont,estopforthm5
799,Joshua,Zannetti,false,17 Moland Drive,California,jzannettim6
800,Constancy,,false,95352 Dayton Center,California,closebiem7
801,Leoine,Graeber,false,011 Dapin Hill,New Mexico,lgraeberm8
802,Cecil,Shadfourth,true,503 Almo Point,Texas,cshadfourthm9
803,Dorella,Morad,false,8 Sutteridge Plaza,Alaska,dmoradma
804,Sandor,Limpenny,true,94221 Golf Center,Iowa,slimpennymb
805,Jordain,Gomm,true,810 2nd Pass,Utah,jgommmc
806,Flory,,true,332 Marquette Plaza,Texas,falfwymd
807,Rikki,Blanden,true,25955 Loeprich Terrace,New York,rblandenme
808,Corene,Splaven,false,479 Spohn Point,California,csplavenmf
809,Fowler,Peacock,false,8 Judy Center,North Carolina,fpeacockmg
810,Enid,,true,0 American Ash Trail,Kentucky,esmilliemh
811,Jeanelle,Bertwistle,false,3013 Moulton Avenue,Texas,jbertwistlemi
812,Suzette,Dummett,false,90 Colorado Hill,Texas,sdummettmj
813,Mohandis,Burwell,true,742 Merry Junction,Florida,mburwellmk
814,Modestine,Betke,true,077 Knutson Crossing,California,mbetkeml
815,Penrod,Laminman,false,53027 Carpenter Alley,West Virginia,plaminmanmm
816,Kirbee,Ply,true,782 Lotheville Trail,New York,kplymn
817,Page,Powter,false,2 Bartillon Way,Minnesota,ppowtermo
818,Jackie,McTurk,false,1817 Basil Crossing,Michigan,jmcturkmp
819,Nolan,Ellerby,true,16 Bay Pass,Ohio,nellerbymq
820,Ferguson,,false,447 Banding Avenue,California,fscroggesmr
821,Auberon,Visco,false,4 School Drive,California,aviscoms
822,Cecilia,Hellewell,false,1 5th Terrace,Minnesota,chellewellmt
823,Monroe,Cabbell,false,417 Melody Court,New York,mcabbellmu
824,Verney,Valek,false,1439 Dexter Hill,Kansas,vvalekmv
825,Arv,Izkovici,true,139 Lighthouse Bay Plaza,Connecticut,aizkovicimw
826,Adele,Sharper,false,70 Moose Avenue,New York,asharpermx
827,Garv,Hasty,true,36 Graedel Plaza,Alabama,ghastymy
828,Clem,Wildin,true,37 Anthes Crossing,Missouri,cwildinmz
829,Paolina,Dericut,false,67069 Springs Crossing,California,pdericutn0
830,Jacenta,Whimper,true,741 Banding Lane,New York,jwhimpern1
831,Roarke,Korneev,false,62 Sherman Crossing,Idaho,rkorneevn2
832,Emmalyn,Tynewell,false,156 Michigan Avenue,Florida,etynewelln3
833,Arvy,Brewis,true,497 Grayhawk Drive,Texas,abrewisn4
834,Cheslie,Le Blanc,true,99459 Pawling Drive,Colorado,cleblancn5
835,Stirling,Espada,true,01046 Express Avenue,Virginia,sespadan6
836,Giuseppe,Prickett,false,7495 Lakewood Hill,North Carolina,gprickettn7
837,Annalise,Clemont,true,39 Valley Edge Avenue,Minnesota,aclemontn8
838,Ardeen,Gilchriest,false,1938 Clarendon Street,Ohio,agilchriestn9
839,Natale,Tomasz,true,34 Lawn Trail,Missouri,ntomaszna
840,Gavrielle,Dorrance,true,7 Monterey Hill,Florida,gdorrancenb
841,Rebecka,Patman,false,20712 East Junction,Massachusetts,rpatmannc
842,Verna,Grime,true,29506 Colorado Hill,Texas,vgrimend
843,Rori,Robinet,true,53 Myrtle Parkway,District of Columbia,rrobinetne
844,Berri,Siely,true,8720 Roxbury Avenue,New York,bsielynf
845,Denni,Szwandt,false,2 Welch Crossing,North Carolina,dszwandtng
846,Timmie,McLaine,true,0 Merrick Court,Illinois,tmclainenh
847,Neil,Wellman,false,0 Caliangt Drive,Texas,nwellmanni
848,Maury,Marcam,true,33 Johnson Drive,Florida,mmarcamnj
849,Edythe,Loveard,false,5 Pearson Center,Indiana,eloveardnk
850,Bathsheba,Pyer,true,84 Buena Vista Alley,Louisiana,bpyernl
851,Maryanna,Vicary,true,1703 Riverside Pass,New York,mvicarynm
852,Trumann,Ortas,true,32130 Maple Wood Trail,North Carolina,tortasnn
853,Ernestine,Capelin,true,9307 Londonderry Street,New York,ecapelinno
854,Veronica,Skipton,true,1381 Meadow Vale Circle,Tennessee,vskiptonnp
855,Dian,Charopen,true,90411 Mallard Pass,New York,dcharopennq
856,Artus,Pape,true,8 Southridge Lane,Mississippi,apapenr
857,Halli,Sleeford,false,225 Talmadge Park,West Virginia,hsleefordns
858,Carrissa,Ruddell,true,29955 Duke Place,Texas,cruddellnt
859,Paxton,Klezmski,true,3242 Florence Place,Massachusetts,pklezmskinu
860,Joshuah,Copestake,false,49122 Colorado Place,Maryland,jcopestakenv
861,Shanna,Silbert,true,603 Birchwood Point,Utah,ssilbertnw
862,Agosto,Castelluzzi,true,28 Lakewood Gardens Alley,California,acastelluzzinx
863,Trey,Lush,false,52 Dayton Center,Alaska,tlushny
864,Valdemar,,true,996 Golf Course Court,New York,vdignannz
865,Bird,Claisse,false,0 Shelley Hill,Oregon,bclaisseo0
866,Debi,Singyard,false,74250 Debra Terrace,Ohio,dsingyardo1
867,Patsy,Glidden,false,12 Briar Crest Road,New York,pgliddeno2
868,Jocelyn,Akhurst,false,15 Carioca Plaza,District of Columbia,jakhursto3
869,Lothaire,Rosenblum,true,715 1st Point,Arizona,lrosenblumo4
870,Nevsa,Craigie,true,50 Melvin Court,Mississippi,ncraigieo5
871,Rand,Utteridge,false,3 Service Alley,District of Columbia,rutteridgeo6
872,Eliot,Haymes,true,8 Fairfield Crossing,Florida,ehaymeso7
873,Marrilee,Herculeson,true,19 Lakeland Park,Oregon,mherculesono8
874,Talya,Pople,false,46990 Daystar Drive,Ohio,tpopleo9
875,Erwin,Jaray,true,3 Homewood Terrace,District of Columbia,ejarayoa
876,Donica,Hanmer,false,83 Thierer Alley,Oklahoma,dhanmerob
877,Siffre,Pavlasek,false,62843 Corry Road,Florida,spavlasekoc
878,Lyon,Smiley,false,28 Kennedy Point,Texas,lsmileyod
879,Mathian,,true,34618 Briar Crest Pass,Florida,mbrayoe
880,Jeremias,Sellors,true,2 Bayside Circle,Kentucky,jsellorsof
881,Allard,Levine,false,5 Starling Center,California,alevineog
882,Bartlett,Forman,false,5 Parkside Park,District of Columbia,bformanoh
883,Jourdan,MacFarlan,false,71740 7th Pass,California,jmacfarlanoi
884,Anny,Gillise,true,2 Swallow Trail,New York,agilliseoj
885,Berti,Danilevich,true,1612 Kings Drive,Illinois,bdanilevichok
886,Janos,,false,87 Linden Circle,Colorado,jlarsol
887,Luce,Haysey,false,31 Pankratz Pass,New Mexico,lhayseyom
888,Cynde,Monckton,true,8250 Troy Circle,Pennsylvania,cmoncktonon
889,Harlene,Dymidowicz,false,19415 Nelson Trail,Louisiana,hdymidowiczoo
890,Jenilee,Cornborough,true,6 Delladonna Plaza,Missouri,jcornboroughop
891,Ruby,Steggles,false,40728 Londonderry Park,Virginia,rstegglesoq
892,Stavros,Gorgen,true,9 Sauthoff Trail,Tennessee,sgorgenor
893,Shandie,Stuttman,false,7 Kipling Crossing,Indiana,sstuttmanos
894,Eric,Ohm,true,2 Northport Center,Georgia,eohmot
895,Aubert,Brockelsby,true,26522 Cherokee Park,Nebraska,abrockelsbyou
896,Corey,Fitzroy,false,727 Stuart Hill,California,cfitzroyov
897,Davina,Stansall,true,07 Miller Avenue,Virginia,dstansallow
898,Homerus,Palister,false,534 Messerschmidt Drive,Arizona,hpalisterox
899,Sandy,Zimek,false,41 Talmadge Crossing,Georgia,szimekoy
900,Nikola,Alastair,true,33366 Rieder Parkway,Florida,nalastairoz
901,Michaeline,Goldwater,true,6 Scott Center,Nevada,mgoldwaterp0
902,Joshuah,Buntain,false,227 Burning Wood Street,Michigan,jbuntainp1
903,Thaddeus,Novik,false,73 Village Alley,Utah,tnovikp2
904,Jedediah,Rootes,true,65 Utah Street,New York,jrootesp3
905,Abbie,Wooles,false,1 Del Mar Street,Arkansas,awoolesp4
906,Jordana,Verissimo,false,58 Badeau Hill,Kentucky,jverissimop5
907,Dari,Balch,true,59 Delladonna Junction,Tennessee,dbalchp6
908,Chet,Peppett,true,16502 Shopko Drive,California,cpeppettp7
909,Jerri,Bewfield,true,435 Fairview Place,Michigan,jbewfieldp8
910,Clem,Karel,true,6 Riverside Drive,Florida,ckarelp9
911,Thorin,Narraway,false,98366 Dakota Plaza,Texas,tnarrawaypa
912,Tildie,Woolner,false,2 School Trail,California,twoolnerpb
913,Powell,Pringour,true,76078 Bobwhite Drive,New York,ppringourpc
914,Lyndel,Carbry,false,2 Golf View Circle,Indiana,lcarbrypd
915,Jens,Kinman,false,54 Green Center,New York,jkinmanpe
916,Octavia,Beddow,true,6271 Ronald Regan Park,Oklahoma,obeddowpf
917,Hatty,Dulton,true,838 Pankratz Way,Massachusetts,hdultonpg
918,Neill,Pally,true,79 Farragut Trail,Texas,npallyph
919,Nichol,Stockoe,true,4324 Hansons Place,Massachusetts,nstockoepi
920,Cyril,Whitehead,true,4 Banding Hill,Indiana,cwhiteheadpj
921,Brittani,Jarrel,true,27390 Vernon Terrace,Florida,bjarrelpk
922,Cloris,Spear,true,273 Fairview Point,Texas,cspearpl
923,Kaye,Murrells,true,638 Scofield Court,Idaho,kmurrellspm
924,Gabriel,Gradwell,true,9 Myrtle Plaza,New York,ggradwellpn
925,Letizia,Lamprey,false,98277 Vidon Lane,Ohio,llampreypo
926,Papageno,Embery,false,5988 Oneill Court,Massachusetts,pemberypp
927,Gwendolin,Khosa,false,8287 Fair Oaks Avenue,Georgia,gkhosapq
928,Deeyn,Talbot,true,02 Village Park,Colorado,dtalbotpr
929,Sara,Ateggart,true,351 Anderson Lane,Florida,sateggartps
930,Dorise,Derrington,true,43655 Rockefeller Court,California,dderringtonpt
931,Tull,MacGee,false,3221 Manley Circle,Wisconsin,tmacgeepu
932,Alleyn,Nannizzi,false,14 Golden Leaf Terrace,Maryland,anannizzipv
933,Bertrand,Le Noir,false,470 American Pass,Idaho,blenoirpw
934,Melita,Medlicott,false,40238 Lotheville Circle,Virginia,mmedlicottpx
935,Meryl,Robbie,false,042 Longview Center,Wisconsin,mrobbiepy
936,Fremont,Dunthorne,true,68210 Bay Avenue,California,fdunthornepz
937,Althea,Shireff,false,2112 Pine View Avenue,Texas,ashireffq0
938,Dollie,Soal,true,1 Fallview Alley,California,dsoalq1
939,Vinnie,Feenan,false,5582 Rusk Point,California,vfeenanq2
940,Crin,Sparhawk,true,2 East Alley,Illinois,csparhawkq3
941,Briano,Zanioletti,true,074 Red Cloud Parkway,Florida,bzaniolettiq4
942,Estel,Cracknell,true,7 Saint Paul Junction,Tennessee,ecracknellq5
943,Rooney,Cartmael,false,4740 Esker Terrace,Colorado,rcartmaelq6
944,Bennie,Blankau,true,68888 Loeprich Road,Texas,bblankauq7
945,Emilee,Ohlsen,true,4 Brown Center,Kentucky,eohlsenq8
946,Lee,Thewles,false,97977 Superior Way,California,lthewlesq9
947,Juliann,Le Brun,true,8195 Judy Junction,Idaho,jlebrunqa
948,Lenard,Pinchback,false,95 Ludington Junction,West Virginia,lpinchbackqb
949,Raddie,Staples,false,96398 Westend Street,Ohio,rstaplesqc
950,Jania,Inglesfield,false,21040 Marcy Street,Idaho,jinglesfieldqd
951,Elvira,Cornejo,false,0483 Sycamore Avenue,Massachusetts,ecornejoqe
952,Vachel,Anselmi,false,0572 Basil Junction,New York,vanselmiqf
953,Aloise,Farahar,false,94650 Red Cloud Alley,Washington,afaraharqg
954,Stefanie,Pressman,true,61747 Scofield Hill,Florida,spressmanqh
955,Kellyann,Tuberfield,true,318 Anderson Point,California,ktuberfieldqi
956,Wanids,Brindle,false,7392 Gateway Terrace,Missouri,wbrindleqj
957,Findlay,Eaton,true,39 Shasta Avenue,District of Columbia,featonqk
958,Nerissa,Makiver,false,1 Crownhardt Court,Texas,nmakiverql
959,Vinny,Woodfine,true,5 Spohn Terrace,Texas,vwoodfineqm
960,Powell,Mewhirter,false,239 Parkside Junction,Georgia,pmewhirterqn
961,Devonna,Lambrook,false,64 Dorton Point,Oklahoma,dlambrookqo
962,Bianca,Lochrie,true,6 Pepper Wood Pass,Rhode Island,blochrieqp
963,Terrijo,Skirrow,false,48876 Transport Court,Texas,tskirrowqq
964,Angelika,Kieff,false,1 Redwing Plaza,South Carolina,akieffqr
965,Anabel,Telling,false,93111 Lawn Road,California,atellingqs
966,Quintana,Fagge,false,155 Linden Junction,New York,qfaggeqt
967,Trstram,Syred,true,9704 Nova Court,North Carolina,tsyredqu
968,Amii,Torregiani,false,071 Dottie Terrace,California,atorregianiqv
969,Nan,Flinn,true,8 Eagan Trail,Illinois,nflinnqw
970,Kevin,Brownsell,false,85834 Shasta Alley,North Carolina,kbrownsellqx
971,Lyndell,Guitel,false,445 Bartelt Place,California,lguitelqy
972,Rosina,Kubik,true,6914 Loomis Park,Tennessee,rkubikqz
973,Gay,Lucey,false,881 Dovetail Parkway,Minnesota,gluceyr0
974,Felisha,Shipsey,false,878 Gerald Pass,Illinois,fshipseyr1
975,Flin,Ferreira,true,30982 Grim Alley,California,fferreirar2
976,Jobina,Pinnigar,true,3 Park Meadow Avenue,Virginia,jpinnigarr3
977,Harlie,Waterworth,true,2 Graedel Court,Minnesota,hwaterworthr4
978,Gates,Wincott,false,13758 Burning Wood Pass,Florida,gwincottr5
979,Ashla,Rawsthorne,false,7 Darwin Avenue,Minnesota,arawsthorner6
980,Mirabella,Goering,false,85 Thompson Plaza,Texas,mgoeringr7
981,Esmaria,Aust,false,5599 Hintze Parkway,Ohio,eaustr8
982,Wenona,Greatbach,true,87 Nobel Plaza,Florida,wgreatbachr9
983,Netty,Jaukovic,true,4 Hoard Crossing,North Carolina,njaukovicra
984,Dory,Mulvenna,true,63154 Canary Parkway,Pennsylvania,dmulvennarb
985,Kahlil,Mullins,true,97 Jana Hill,Oklahoma,kmullinsrc
986,Olivier,Hopkyns,false,6170 5th Parkway,New York,ohopkynsrd
987,Jermaine,Tinn,true,5 Garrison Circle,West Virginia,jtinnre
988,Bobby,Lorman,true,722 Carberry Pass,Texas,blormanrf
989,Alec,Cana,true,2318 Starling Terrace,California,acanarg
990,Raynard,Crusham,true,844 Namekagon Park,Idaho,rcrushamrh
991,Billi,Bickmore,true,91342 Moland Hill,Louisiana,bbickmoreri
992,Marilee,Lisimore,true,9219 Clove Place,Florida,mlisimorerj
993,Jazmin,Luchelli,false,6 Bunker Hill Lane,Nevada,jluchellirk
994,Ailee,Scholtis,true,74 Melody Way,Texas,ascholtisrl
995,Elinor,Petersen,true,654 Lawn Road,Minnesota,epetersenrm
996,Sherline,Averay,true,8 Prairieview Point,Washington,saverayrn
997,Willie,Le Frank,false,20209 Esker Street,Illinois,wlefrankro
998,Israel,Code,true,23 Blaine Parkway,New York,icoderp
999,Rici,Lowis,true,284 Monterey Plaza,North Carolina,rlowisrq
1000,Zea,Gabitis,false,4 Dottie Junction,Oklahoma,zgabitisrr
